{"cameraMode":{"drawMode":0,"name":"Shaded","section":"Shading Mode"},"sceneLighting":true,"audioPlay":false,"sceneViewState":{"showFog":true,"showMaterialUpdate":true,"showSkybox":true,"showFlares":true,"showImageEffects":true,"showParticleSystems":true},"in2DMode":false,"pivot":{"x":5.427999973297119,"y":0.5,"z":31.549999237060548},"rotation":{"x":0.051245223730802539,"y":0.6885201930999756,"z":-0.04878527671098709,"w":0.721864640712738},"size":13.894939422607422,"orthographic":false}